[
{
    "model": "auth.user",
    "fields": {
        "password": "pbkdf2_sha256$120000$Hj1LHPbQiTG4$uMahxi1DqM1/YNJDyBG5Ex2iLt/ydF95LHcN+MjX5I8=",
        "last_login": "2019-04-07T02:36:58.101",
        "is_superuser": true,
        "username": "superuser",
        "first_name": "",
        "last_name": "",
        "email": "x@x.com",
        "is_staff": true,
        "is_active": true,
        "date_joined": "2013-04-10T00:43:44.029",
        "groups": [],
        "user_permissions": []
    }
},
{
    "model": "auth.user",
    "fields": {
        "password": "pbkdf2_sha256$120000$OP4xmidPnXso$fhD8gPVxw2+ou+7cBykL0BL0Y/3UGMBR+RZR5NsDUaw=",
        "last_login": "2019-04-07T02:34:57.348",
        "is_superuser": false,
        "username": "moe",
        "first_name": "",
        "last_name": "",
        "email": "",
        "is_staff": true,
        "is_active": true,
        "date_joined": "2013-04-11T00:44:38",
        "groups": [],
        "user_permissions": [
            [
                "delete_logentry",
                "admin",
                "logentry"
            ],
            [
                "add_accesstime",
                "rfid_lock_management",
                "accesstime"
            ],
            [
                "change_lockuser",
                "rfid_lock_management",
                "lockuser"
            ],
            [
                "delete_lockuser",
                "rfid_lock_management",
                "lockuser"
            ],
            [
                "view_site",
                "sites",
                "site"
            ]
        ]
    }
},
{
    "model": "sites.site",
    "fields": {
        "domain": "example.com",
        "name": "example.com"
    }
},
{
    "model": "rfid_lock_management.door",
    "pk": 1,
    "fields": {
        "name": "Springfield Mafia Secret Meeting Room",
        "description": "What secret meeting room for the Springfield mafia?"
    }
},
{
    "model": "rfid_lock_management.door",
    "pk": 2,
    "fields": {
        "name": "Community Theater",
        "description": "Musicals and more musicals. Llewellyn Sinclair current resident director."
    }
},
{
    "model": "rfid_lock_management.door",
    "pk": 3,
    "fields": {
        "name": "Seminar Room",
        "description": "Seminars, workshops, and more."
    }
},
{
    "model": "rfid_lock_management.door",
    "pk": 4,
    "fields": {
        "name": "Junior Achievers Club",
        "description": "Up... with business!"
    }
},
{
    "model": "rfid_lock_management.rfidkeycard",
    "pk": 1,
    "fields": {
        "the_rfid": "1122135122",
        "date_revoked": null,
        "date_created": "2013-04-10T00:52:00.220",
        "lockuser": 1,
        "assigner": [
            "superuser"
        ],
        "revoker": null
    }
},
{
    "model": "rfid_lock_management.rfidkeycard",
    "pk": 2,
    "fields": {
        "the_rfid": "1122135199",
        "date_revoked": null,
        "date_created": "2013-04-10T00:53:21.472",
        "lockuser": 2,
        "assigner": [
            "superuser"
        ],
        "revoker": null
    }
},
{
    "model": "rfid_lock_management.rfidkeycard",
    "pk": 3,
    "fields": {
        "the_rfid": "9999999991",
        "date_revoked": "2013-04-15T02:45:24.879",
        "date_created": "2013-04-15T02:44:45.573",
        "lockuser": 3,
        "assigner": [
            "moe"
        ],
        "revoker": [
            "moe"
        ]
    }
},
{
    "model": "rfid_lock_management.rfidkeycard",
    "pk": 4,
    "fields": {
        "the_rfid": "9999999992",
        "date_revoked": null,
        "date_created": "2013-04-15T02:47:41.289",
        "lockuser": 3,
        "assigner": [
            "moe"
        ],
        "revoker": null
    }
},
{
    "model": "rfid_lock_management.accesstime",
    "pk": 1,
    "fields": {
        "the_rfid": "1122135199",
        "access_time": "2013-04-10T00:56:21.644",
        "lockuser": 2,
        "door": 1,
        "data_point": "{\"y\": \"Date.UTC(0,0,0, 0,56,21)\", \"x\": \"Date.UTC(2013,3,10)\", \"user\": \"\\\"homer simpson\\\"\"}"
    }
},
{
    "model": "rfid_lock_management.accesstime",
    "pk": 2,
    "fields": {
        "the_rfid": "1122135199",
        "access_time": "2013-04-10T00:56:28.167",
        "lockuser": 2,
        "door": 2,
        "data_point": "{\"y\": \"Date.UTC(0,0,0, 0,56,28)\", \"x\": \"Date.UTC(2013,3,10)\", \"user\": \"\\\"homer simpson\\\"\"}"
    }
},
{
    "model": "rfid_lock_management.accesstime",
    "pk": 3,
    "fields": {
        "the_rfid": "1122135199",
        "access_time": "2013-04-10T00:56:38.348",
        "lockuser": 2,
        "door": 3,
        "data_point": "{\"y\": \"Date.UTC(0,0,0, 0,56,38)\", \"x\": \"Date.UTC(2013,3,10)\", \"user\": \"\\\"homer simpson\\\"\"}"
    }
},
{
    "model": "rfid_lock_management.accesstime",
    "pk": 4,
    "fields": {
        "the_rfid": "1122135122",
        "access_time": "2013-04-10T00:57:01.078",
        "lockuser": 1,
        "door": 1,
        "data_point": "{\"y\": \"Date.UTC(0,0,0, 0,57,1)\", \"x\": \"Date.UTC(2013,3,10)\", \"user\": \"\\\"maggie simpson\\\"\"}"
    }
},
{
    "model": "rfid_lock_management.accesstime",
    "pk": 5,
    "fields": {
        "the_rfid": "1122135122",
        "access_time": "2013-02-22T13:08:14.590",
        "lockuser": 1,
        "door": 1,
        "data_point": "{\"y\": \"Date.UTC(0,0,0, 13,8,14)\", \"x\": \"Date.UTC(2013,1,22)\", \"user\": \"\\\"maggie simpson\\\"\"}"
    }
},
{
    "model": "rfid_lock_management.accesstime",
    "pk": 6,
    "fields": {
        "the_rfid": "1122135122",
        "access_time": "2012-10-14T09:18:28.595",
        "lockuser": 1,
        "door": 1,
        "data_point": "{\"y\": \"Date.UTC(0,0,0, 9,18,28)\", \"x\": \"Date.UTC(2012,9,14)\", \"user\": \"\\\"maggie simpson\\\"\"}"
    }
},
{
    "model": "rfid_lock_management.accesstime",
    "pk": 7,
    "fields": {
        "the_rfid": "1122135122",
        "access_time": "2013-01-13T05:10:17.597",
        "lockuser": 1,
        "door": 1,
        "data_point": "{\"y\": \"Date.UTC(0,0,0, 5,10,17)\", \"x\": \"Date.UTC(2013,0,13)\", \"user\": \"\\\"maggie simpson\\\"\"}"
    }
},
{
    "model": "rfid_lock_management.accesstime",
    "pk": 8,
    "fields": {
        "the_rfid": "1122135122",
        "access_time": "2013-03-02T05:05:25.599",
        "lockuser": 1,
        "door": 1,
        "data_point": "{\"y\": \"Date.UTC(0,0,0, 5,5,25)\", \"x\": \"Date.UTC(2013,2,2)\", \"user\": \"\\\"maggie simpson\\\"\"}"
    }
},
{
    "model": "rfid_lock_management.accesstime",
    "pk": 9,
    "fields": {
        "the_rfid": "1122135122",
        "access_time": "2012-11-04T11:48:52.601",
        "lockuser": 1,
        "door": 1,
        "data_point": "{\"y\": \"Date.UTC(0,0,0, 11,48,52)\", \"x\": \"Date.UTC(2012,10,4)\", \"user\": \"\\\"maggie simpson\\\"\"}"
    }
},
{
    "model": "rfid_lock_management.accesstime",
    "pk": 10,
    "fields": {
        "the_rfid": "1122135122",
        "access_time": "2013-03-08T17:44:17.603",
        "lockuser": 1,
        "door": 1,
        "data_point": "{\"y\": \"Date.UTC(0,0,0, 17,44,17)\", \"x\": \"Date.UTC(2013,2,8)\", \"user\": \"\\\"maggie simpson\\\"\"}"
    }
},
{
    "model": "rfid_lock_management.accesstime",
    "pk": 11,
    "fields": {
        "the_rfid": "1122135122",
        "access_time": "2012-11-03T13:23:43.605",
        "lockuser": 1,
        "door": 1,
        "data_point": "{\"y\": \"Date.UTC(0,0,0, 13,23,43)\", \"x\": \"Date.UTC(2012,10,3)\", \"user\": \"\\\"maggie simpson\\\"\"}"
    }
},
{
    "model": "rfid_lock_management.accesstime",
    "pk": 12,
    "fields": {
        "the_rfid": "1122135122",
        "access_time": "2012-11-30T13:40:02.608",
        "lockuser": 1,
        "door": 1,
        "data_point": "{\"y\": \"Date.UTC(0,0,0, 13,40,2)\", \"x\": \"Date.UTC(2012,10,30)\", \"user\": \"\\\"maggie simpson\\\"\"}"
    }
},
{
    "model": "rfid_lock_management.accesstime",
    "pk": 13,
    "fields": {
        "the_rfid": "1122135122",
        "access_time": "2013-03-01T17:05:06.610",
        "lockuser": 1,
        "door": 1,
        "data_point": "{\"y\": \"Date.UTC(0,0,0, 17,5,6)\", \"x\": \"Date.UTC(2013,2,1)\", \"user\": \"\\\"maggie simpson\\\"\"}"
    }
},
{
    "model": "rfid_lock_management.accesstime",
    "pk": 14,
    "fields": {
        "the_rfid": "1122135122",
        "access_time": "2013-03-01T09:31:56.612",
        "lockuser": 1,
        "door": 1,
        "data_point": "{\"y\": \"Date.UTC(0,0,0, 9,31,56)\", \"x\": \"Date.UTC(2013,2,1)\", \"user\": \"\\\"maggie simpson\\\"\"}"
    }
},
{
    "model": "rfid_lock_management.accesstime",
    "pk": 15,
    "fields": {
        "the_rfid": "1122135199",
        "access_time": "2012-12-29T19:38:29.616",
        "lockuser": 2,
        "door": 1,
        "data_point": "{\"y\": \"Date.UTC(0,0,0, 19,38,29)\", \"x\": \"Date.UTC(2012,11,29)\", \"user\": \"\\\"homer simpson\\\"\"}"
    }
},
{
    "model": "rfid_lock_management.accesstime",
    "pk": 16,
    "fields": {
        "the_rfid": "1122135199",
        "access_time": "2013-03-15T13:14:04.618",
        "lockuser": 2,
        "door": 2,
        "data_point": "{\"y\": \"Date.UTC(0,0,0, 13,14,4)\", \"x\": \"Date.UTC(2013,2,15)\", \"user\": \"\\\"homer simpson\\\"\"}"
    }
},
{
    "model": "rfid_lock_management.accesstime",
    "pk": 17,
    "fields": {
        "the_rfid": "1122135199",
        "access_time": "2012-10-19T08:41:36.622",
        "lockuser": 2,
        "door": 2,
        "data_point": "{\"y\": \"Date.UTC(0,0,0, 8,41,36)\", \"x\": \"Date.UTC(2012,9,19)\", \"user\": \"\\\"homer simpson\\\"\"}"
    }
},
{
    "model": "rfid_lock_management.accesstime",
    "pk": 18,
    "fields": {
        "the_rfid": "1122135199",
        "access_time": "2013-01-15T07:39:36.626",
        "lockuser": 2,
        "door": 2,
        "data_point": "{\"y\": \"Date.UTC(0,0,0, 7,39,36)\", \"x\": \"Date.UTC(2013,0,15)\", \"user\": \"\\\"homer simpson\\\"\"}"
    }
},
{
    "model": "rfid_lock_management.accesstime",
    "pk": 19,
    "fields": {
        "the_rfid": "1122135199",
        "access_time": "2012-11-18T22:04:49.629",
        "lockuser": 2,
        "door": 2,
        "data_point": "{\"y\": \"Date.UTC(0,0,0, 22,4,49)\", \"x\": \"Date.UTC(2012,10,18)\", \"user\": \"\\\"homer simpson\\\"\"}"
    }
},
{
    "model": "rfid_lock_management.accesstime",
    "pk": 20,
    "fields": {
        "the_rfid": "1122135199",
        "access_time": "2012-11-18T08:46:05.632",
        "lockuser": 2,
        "door": 2,
        "data_point": "{\"y\": \"Date.UTC(0,0,0, 8,46,5)\", \"x\": \"Date.UTC(2012,10,18)\", \"user\": \"\\\"homer simpson\\\"\"}"
    }
},
{
    "model": "rfid_lock_management.accesstime",
    "pk": 21,
    "fields": {
        "the_rfid": "1122135199",
        "access_time": "2012-12-11T18:48:58.636",
        "lockuser": 2,
        "door": 2,
        "data_point": "{\"y\": \"Date.UTC(0,0,0, 18,48,58)\", \"x\": \"Date.UTC(2012,11,11)\", \"user\": \"\\\"homer simpson\\\"\"}"
    }
},
{
    "model": "rfid_lock_management.accesstime",
    "pk": 22,
    "fields": {
        "the_rfid": "1122135199",
        "access_time": "2012-11-23T14:26:36.640",
        "lockuser": 2,
        "door": 2,
        "data_point": "{\"y\": \"Date.UTC(0,0,0, 14,26,36)\", \"x\": \"Date.UTC(2012,10,23)\", \"user\": \"\\\"homer simpson\\\"\"}"
    }
},
{
    "model": "rfid_lock_management.accesstime",
    "pk": 23,
    "fields": {
        "the_rfid": "1122135199",
        "access_time": "2012-12-16T15:46:21.644",
        "lockuser": 2,
        "door": 2,
        "data_point": "{\"y\": \"Date.UTC(0,0,0, 15,46,21)\", \"x\": \"Date.UTC(2012,11,16)\", \"user\": \"\\\"homer simpson\\\"\"}"
    }
},
{
    "model": "rfid_lock_management.accesstime",
    "pk": 24,
    "fields": {
        "the_rfid": "1122135199",
        "access_time": "2013-03-09T22:58:23.647",
        "lockuser": 2,
        "door": 2,
        "data_point": "{\"y\": \"Date.UTC(0,0,0, 22,58,23)\", \"x\": \"Date.UTC(2013,2,9)\", \"user\": \"\\\"homer simpson\\\"\"}"
    }
},
{
    "model": "rfid_lock_management.accesstime",
    "pk": 25,
    "fields": {
        "the_rfid": "1122135199",
        "access_time": "2013-01-01T15:08:58.652",
        "lockuser": 2,
        "door": 2,
        "data_point": "{\"y\": \"Date.UTC(0,0,0, 15,8,58)\", \"x\": \"Date.UTC(2013,0,1)\", \"user\": \"\\\"homer simpson\\\"\"}"
    }
},
{
    "model": "rfid_lock_management.accesstime",
    "pk": 26,
    "fields": {
        "the_rfid": "1122135199",
        "access_time": "2012-11-09T18:22:27.656",
        "lockuser": 2,
        "door": 3,
        "data_point": "{\"y\": \"Date.UTC(0,0,0, 18,22,27)\", \"x\": \"Date.UTC(2012,10,9)\", \"user\": \"\\\"homer simpson\\\"\"}"
    }
},
{
    "model": "rfid_lock_management.accesstime",
    "pk": 27,
    "fields": {
        "the_rfid": "1122135199",
        "access_time": "2012-10-20T18:11:03.660",
        "lockuser": 2,
        "door": 3,
        "data_point": "{\"y\": \"Date.UTC(0,0,0, 18,11,3)\", \"x\": \"Date.UTC(2012,9,20)\", \"user\": \"\\\"homer simpson\\\"\"}"
    }
},
{
    "model": "rfid_lock_management.accesstime",
    "pk": 28,
    "fields": {
        "the_rfid": "1122135199",
        "access_time": "2012-11-05T17:01:08.663",
        "lockuser": 2,
        "door": 3,
        "data_point": "{\"y\": \"Date.UTC(0,0,0, 17,1,8)\", \"x\": \"Date.UTC(2012,10,5)\", \"user\": \"\\\"homer simpson\\\"\"}"
    }
},
{
    "model": "rfid_lock_management.accesstime",
    "pk": 29,
    "fields": {
        "the_rfid": "1122135199",
        "access_time": "2013-03-02T18:12:25.666",
        "lockuser": 2,
        "door": 3,
        "data_point": "{\"y\": \"Date.UTC(0,0,0, 18,12,25)\", \"x\": \"Date.UTC(2013,2,2)\", \"user\": \"\\\"homer simpson\\\"\"}"
    }
},
{
    "model": "rfid_lock_management.accesstime",
    "pk": 30,
    "fields": {
        "the_rfid": "1122135199",
        "access_time": "2012-10-28T18:12:31.670",
        "lockuser": 2,
        "door": 3,
        "data_point": "{\"y\": \"Date.UTC(0,0,0, 18,12,31)\", \"x\": \"Date.UTC(2012,9,28)\", \"user\": \"\\\"homer simpson\\\"\"}"
    }
},
{
    "model": "rfid_lock_management.accesstime",
    "pk": 31,
    "fields": {
        "the_rfid": "1122135199",
        "access_time": "2012-10-21T02:28:31.677",
        "lockuser": 2,
        "door": 1,
        "data_point": "{\"y\": \"Date.UTC(0,0,0, 2,28,31)\", \"x\": \"Date.UTC(2012,9,21)\", \"user\": \"\\\"homer simpson\\\"\"}"
    }
},
{
    "model": "rfid_lock_management.accesstime",
    "pk": 32,
    "fields": {
        "the_rfid": "1122135199",
        "access_time": "2013-03-16T16:58:43.680",
        "lockuser": 2,
        "door": 2,
        "data_point": "{\"y\": \"Date.UTC(0,0,0, 16,58,43)\", \"x\": \"Date.UTC(2013,2,16)\", \"user\": \"\\\"homer simpson\\\"\"}"
    }
},
{
    "model": "rfid_lock_management.accesstime",
    "pk": 33,
    "fields": {
        "the_rfid": "1122135199",
        "access_time": "2013-03-09T10:06:20.683",
        "lockuser": 2,
        "door": 2,
        "data_point": "{\"y\": \"Date.UTC(0,0,0, 10,6,20)\", \"x\": \"Date.UTC(2013,2,9)\", \"user\": \"\\\"homer simpson\\\"\"}"
    }
},
{
    "model": "rfid_lock_management.accesstime",
    "pk": 34,
    "fields": {
        "the_rfid": "1122135199",
        "access_time": "2012-12-24T18:03:16.686",
        "lockuser": 2,
        "door": 2,
        "data_point": "{\"y\": \"Date.UTC(0,0,0, 18,3,16)\", \"x\": \"Date.UTC(2012,11,24)\", \"user\": \"\\\"homer simpson\\\"\"}"
    }
},
{
    "model": "rfid_lock_management.accesstime",
    "pk": 35,
    "fields": {
        "the_rfid": "1122135199",
        "access_time": "2012-10-13T03:38:37.690",
        "lockuser": 2,
        "door": 2,
        "data_point": "{\"y\": \"Date.UTC(0,0,0, 3,38,37)\", \"x\": \"Date.UTC(2012,9,13)\", \"user\": \"\\\"homer simpson\\\"\"}"
    }
},
{
    "model": "rfid_lock_management.accesstime",
    "pk": 36,
    "fields": {
        "the_rfid": "1122135199",
        "access_time": "2013-02-16T17:35:22.696",
        "lockuser": 2,
        "door": 2,
        "data_point": "{\"y\": \"Date.UTC(0,0,0, 17,35,22)\", \"x\": \"Date.UTC(2013,1,16)\", \"user\": \"\\\"homer simpson\\\"\"}"
    }
},
{
    "model": "rfid_lock_management.accesstime",
    "pk": 37,
    "fields": {
        "the_rfid": "1122135199",
        "access_time": "2013-03-07T18:04:34.701",
        "lockuser": 2,
        "door": 3,
        "data_point": "{\"y\": \"Date.UTC(0,0,0, 18,4,34)\", \"x\": \"Date.UTC(2013,2,7)\", \"user\": \"\\\"homer simpson\\\"\"}"
    }
},
{
    "model": "rfid_lock_management.accesstime",
    "pk": 38,
    "fields": {
        "the_rfid": "1122135199",
        "access_time": "2013-03-21T18:28:48.704",
        "lockuser": 2,
        "door": 3,
        "data_point": "{\"y\": \"Date.UTC(0,0,0, 18,28,48)\", \"x\": \"Date.UTC(2013,2,21)\", \"user\": \"\\\"homer simpson\\\"\"}"
    }
},
{
    "model": "rfid_lock_management.accesstime",
    "pk": 39,
    "fields": {
        "the_rfid": "1122135199",
        "access_time": "2013-01-13T16:38:39.708",
        "lockuser": 2,
        "door": 3,
        "data_point": "{\"y\": \"Date.UTC(0,0,0, 16,38,39)\", \"x\": \"Date.UTC(2013,0,13)\", \"user\": \"\\\"homer simpson\\\"\"}"
    }
},
{
    "model": "rfid_lock_management.accesstime",
    "pk": 40,
    "fields": {
        "the_rfid": "1122135199",
        "access_time": "2013-02-18T18:03:02.711",
        "lockuser": 2,
        "door": 3,
        "data_point": "{\"y\": \"Date.UTC(0,0,0, 18,3,2)\", \"x\": \"Date.UTC(2013,1,18)\", \"user\": \"\\\"homer simpson\\\"\"}"
    }
},
{
    "model": "rfid_lock_management.accesstime",
    "pk": 41,
    "fields": {
        "the_rfid": "1122135199",
        "access_time": "2013-03-14T18:54:26.715",
        "lockuser": 2,
        "door": 3,
        "data_point": "{\"y\": \"Date.UTC(0,0,0, 18,54,26)\", \"x\": \"Date.UTC(2013,2,14)\", \"user\": \"\\\"homer simpson\\\"\"}"
    }
},
{
    "model": "rfid_lock_management.accesstime",
    "pk": 42,
    "fields": {
        "the_rfid": "1122135199",
        "access_time": "2013-03-10T21:13:16.720",
        "lockuser": 2,
        "door": 1,
        "data_point": "{\"y\": \"Date.UTC(0,0,0, 21,13,16)\", \"x\": \"Date.UTC(2013,2,10)\", \"user\": \"\\\"homer simpson\\\"\"}"
    }
},
{
    "model": "rfid_lock_management.accesstime",
    "pk": 43,
    "fields": {
        "the_rfid": "1122135199",
        "access_time": "2013-03-13T20:33:47.722",
        "lockuser": 2,
        "door": 2,
        "data_point": "{\"y\": \"Date.UTC(0,0,0, 20,33,47)\", \"x\": \"Date.UTC(2013,2,13)\", \"user\": \"\\\"homer simpson\\\"\"}"
    }
},
{
    "model": "rfid_lock_management.accesstime",
    "pk": 44,
    "fields": {
        "the_rfid": "1122135199",
        "access_time": "2013-01-16T08:49:20.726",
        "lockuser": 2,
        "door": 2,
        "data_point": "{\"y\": \"Date.UTC(0,0,0, 8,49,20)\", \"x\": \"Date.UTC(2013,0,16)\", \"user\": \"\\\"homer simpson\\\"\"}"
    }
},
{
    "model": "rfid_lock_management.accesstime",
    "pk": 45,
    "fields": {
        "the_rfid": "1122135199",
        "access_time": "2012-12-03T04:13:46.731",
        "lockuser": 2,
        "door": 2,
        "data_point": "{\"y\": \"Date.UTC(0,0,0, 4,13,46)\", \"x\": \"Date.UTC(2012,11,3)\", \"user\": \"\\\"homer simpson\\\"\"}"
    }
},
{
    "model": "rfid_lock_management.accesstime",
    "pk": 46,
    "fields": {
        "the_rfid": "1122135199",
        "access_time": "2013-02-16T22:05:46.736",
        "lockuser": 2,
        "door": 2,
        "data_point": "{\"y\": \"Date.UTC(0,0,0, 22,5,46)\", \"x\": \"Date.UTC(2013,1,16)\", \"user\": \"\\\"homer simpson\\\"\"}"
    }
},
{
    "model": "rfid_lock_management.accesstime",
    "pk": 47,
    "fields": {
        "the_rfid": "1122135199",
        "access_time": "2012-12-22T13:30:46.739",
        "lockuser": 2,
        "door": 2,
        "data_point": "{\"y\": \"Date.UTC(0,0,0, 13,30,46)\", \"x\": \"Date.UTC(2012,11,22)\", \"user\": \"\\\"homer simpson\\\"\"}"
    }
},
{
    "model": "rfid_lock_management.accesstime",
    "pk": 48,
    "fields": {
        "the_rfid": "1122135199",
        "access_time": "2013-03-16T15:33:54.744",
        "lockuser": 2,
        "door": 2,
        "data_point": "{\"y\": \"Date.UTC(0,0,0, 15,33,54)\", \"x\": \"Date.UTC(2013,2,16)\", \"user\": \"\\\"homer simpson\\\"\"}"
    }
},
{
    "model": "rfid_lock_management.accesstime",
    "pk": 49,
    "fields": {
        "the_rfid": "1122135199",
        "access_time": "2013-03-24T21:27:45.747",
        "lockuser": 2,
        "door": 2,
        "data_point": "{\"y\": \"Date.UTC(0,0,0, 21,27,45)\", \"x\": \"Date.UTC(2013,2,24)\", \"user\": \"\\\"homer simpson\\\"\"}"
    }
},
{
    "model": "rfid_lock_management.accesstime",
    "pk": 50,
    "fields": {
        "the_rfid": "1122135199",
        "access_time": "2013-01-22T20:12:23.751",
        "lockuser": 2,
        "door": 2,
        "data_point": "{\"y\": \"Date.UTC(0,0,0, 20,12,23)\", \"x\": \"Date.UTC(2013,0,22)\", \"user\": \"\\\"homer simpson\\\"\"}"
    }
},
{
    "model": "rfid_lock_management.accesstime",
    "pk": 51,
    "fields": {
        "the_rfid": "1122135199",
        "access_time": "2013-03-31T19:51:51.754",
        "lockuser": 2,
        "door": 2,
        "data_point": "{\"y\": \"Date.UTC(0,0,0, 19,51,51)\", \"x\": \"Date.UTC(2013,2,31)\", \"user\": \"\\\"homer simpson\\\"\"}"
    }
},
{
    "model": "rfid_lock_management.accesstime",
    "pk": 52,
    "fields": {
        "the_rfid": "1122135199",
        "access_time": "2012-12-02T23:11:14.760",
        "lockuser": 2,
        "door": 2,
        "data_point": "{\"y\": \"Date.UTC(0,0,0, 23,11,14)\", \"x\": \"Date.UTC(2012,11,2)\", \"user\": \"\\\"homer simpson\\\"\"}"
    }
},
{
    "model": "rfid_lock_management.lockuser",
    "pk": 1,
    "fields": {
        "first_name": "C. M.",
        "last_name": "Burns",
        "email": "mr.burns@springfieldnuclearpowerplant.com",
        "address": "1000 Mammon Ln. Springfield, IL",
        "phone_number": "1-217-555-0001",
        "birthdate": null,
        "deactivate_current_keycard": false,
        "current_keycard_revoker": null,
        "doors": [
            1,
            4
        ]
    }
},
{
    "model": "rfid_lock_management.lockuser",
    "pk": 2,
    "fields": {
        "first_name": "Homer",
        "last_name": "Simpson",
        "email": "ChunkyLover53@aol.com",
        "address": "742 Evergreen Terrace, Springfield, IL",
        "phone_number": " 2175553223",
        "birthdate": null,
        "deactivate_current_keycard": false,
        "current_keycard_revoker": null,
        "doors": [
            1,
            2,
            3,
            4
        ]
    }
},
{
    "model": "rfid_lock_management.lockuser",
    "pk": 3,
    "fields": {
        "first_name": "Lisa",
        "last_name": "Simpson",
        "email": "smartgirl63@yahoo.com",
        "address": "742 Evergreen Terrace, Springfield, IL",
        "phone_number": "(217) 555-3223",
        "birthdate": null,
        "deactivate_current_keycard": false,
        "current_keycard_revoker": null,
        "doors": [
            2
        ]
    }
}
]
